expiration,type,strike,days_to_exp,T,spot,bid,ask,mid_price,bs_value,pct_diff,impl_vol,r_extracted,open_interest,volume,moneyness
2026-06-10,call,370.0,1,0.0027397260273972603,394.125,20.6,21.25,20.925,24.1706,-0.1343,0.0,0.045,532,607,1.0652
2026-06-10,call,385.0,1,0.0027397260273972603,394.125,8.35,8.45,8.4,9.1725,-0.0842,0.0,0.045,543,5218,1.0237
2026-06-10,call,390.0,1,0.0027397260273972603,394.125,5.5,5.6,5.55,5.55,-0.0,0.3683,0.045,600,17309,1.0106
2026-06-10,call,395.0,1,0.0027397260273972603,394.125,3.35,3.4,3.375,3.375,0.0,0.4581,0.045,552,22162,0.9978
2026-06-10,call,397.5,1,0.0027397260273972603,394.125,2.6,2.62,2.61,2.61,-0.0,0.491,0.045,799,8226,0.9915
2026-06-10,call,400.0,1,0.0027397260273972603,394.125,1.96,1.99,1.975,1.975,-0.0,0.5151,0.045,1882,31072,0.9853
2026-06-10,call,402.5,1,0.0027397260273972603,394.125,1.47,1.5,1.485,1.485,-0.0,0.5371,0.045,781,19014,0.9792
2026-06-10,call,405.0,1,0.0027397260273972603,394.125,1.1,1.12,1.11,1.11,-0.0,0.5574,0.045,2762,24228,0.9731
2026-06-10,call,407.5,1,0.0027397260273972603,394.125,0.81,0.84,0.825,0.825,-0.0,0.5761,0.045,1334,21089,0.9672
2026-06-10,call,410.0,1,0.0027397260273972603,394.125,0.62,0.64,0.63,0.63,-0.0,0.599,0.045,2997,39519,0.9613
2026-06-10,call,412.5,1,0.0027397260273972603,394.125,0.47,0.49,0.48,0.48,-0.0,0.6202,0.045,1458,29808,0.9555
2026-06-10,call,415.0,1,0.0027397260273972603,394.125,0.37,0.38,0.375,0.375,-0.0,0.6439,0.045,3586,62778,0.9497
2026-06-10,call,417.5,1,0.0027397260273972603,394.125,0.3,0.31,0.305,0.0,0.0,0.0001,0.045,1636,31429,0.944
2026-06-10,call,420.0,1,0.0027397260273972603,394.125,0.23,0.25,0.24,0.0,0.0,0.0001,0.045,4942,78309,0.9384
2026-06-10,call,422.5,1,0.0027397260273972603,394.125,0.2,0.21,0.205,0.0,0.0,0.0001,0.045,1671,17377,0.9328
2026-06-10,call,425.0,1,0.0027397260273972603,394.125,0.16,0.18,0.17,0.0,0.0,0.0415,0.045,4407,34457,0.9274
2026-06-10,call,427.5,1,0.0027397260273972603,394.125,0.13,0.15,0.14,0.0,0.0,0.1798,0.045,939,12525,0.9219
2026-06-10,call,430.0,1,0.0027397260273972603,394.125,0.11,0.13,0.12,0.0,0.0,0.3174,0.045,3998,29374,0.9166
2026-06-10,call,432.5,1,0.0027397260273972603,394.125,0.1,0.11,0.105,0.0001,0.0,0.4535,0.045,1006,13376,0.9113
2026-06-10,call,435.0,1,0.0027397260273972603,394.125,0.09,0.1,0.095,0.095,-0.0,0.8615,0.045,2847,8289,0.906
2026-06-10,call,437.5,1,0.0027397260273972603,394.125,0.08,0.09,0.085,0.085,-0.0,0.8905,0.045,2115,5370,0.9009
2026-06-10,call,440.0,1,0.0027397260273972603,394.125,0.06,0.07,0.065,0.065,-0.0,0.9003,0.045,3356,6083,0.8957
2026-06-10,call,442.5,1,0.0027397260273972603,394.125,0.05,0.08,0.065,0.0,0.0,0.3,0.045,2030,2501,0.8907
2026-06-10,call,445.0,1,0.0027397260273972603,394.125,0.05,0.06,0.055,0.0,0.0,0.3,0.045,1714,2238,0.8857
2026-06-10,call,447.5,1,0.0027397260273972603,394.125,0.05,0.09,0.07,0.0,0.0,0.3,0.045,728,1371,0.8807
2026-06-10,call,450.0,1,0.0027397260273972603,394.125,0.04,0.05,0.045,0.0,0.0,0.3,0.045,3386,4996,0.8758
2026-06-10,call,452.5,1,0.0027397260273972603,394.125,0.03,0.04,0.035,0.0,0.0,0.3,0.045,541,982,0.871
2026-06-10,call,455.0,1,0.0027397260273972603,394.125,0.03,0.04,0.035,0.0,0.0,0.3,0.045,741,1231,0.8662
2026-06-10,call,457.5,1,0.0027397260273972603,394.125,0.02,0.06,0.04,0.0,0.0,0.3,0.045,1308,1053,0.8615
2026-06-10,call,460.0,1,0.0027397260273972603,394.125,0.03,0.04,0.035,0.0,0.0,0.3,0.045,2138,1636,0.8568
2026-06-10,call,462.5,1,0.0027397260273972603,394.125,0.01,0.03,0.02,0.0,0.0,0.3,0.045,585,87,0.8522
2026-06-10,call,465.0,1,0.0027397260273972603,394.125,0.01,0.05,0.03,0.0,0.0,0.3,0.045,1782,633,0.8476
2026-06-10,call,470.0,1,0.0027397260273972603,394.125,0.01,0.06,0.035,0.0,0.0,0.3,0.045,1349,1305,0.8386
2026-06-10,call,475.0,1,0.0027397260273972603,394.125,0.01,0.04,0.025,0.0,0.0,0.3,0.045,1811,657,0.8297
2026-06-10,call,477.5,1,0.0027397260273972603,394.125,0.01,0.05,0.03,0.0,0.0,0.3,0.045,1149,4,0.8254
2026-06-10,call,480.0,1,0.0027397260273972603,394.125,0.01,0.05,0.03,0.0,0.0,0.3,0.045,1492,3184,0.8211
2026-06-10,call,482.5,1,0.0027397260273972603,394.125,0.01,0.13,0.07,0.0,0.0,0.3,0.045,858,11,0.8168
2026-06-10,call,485.0,1,0.0027397260273972603,394.125,0.01,0.06,0.035,0.0,0.0,0.3,0.045,729,1112,0.8126
2026-06-10,call,500.0,1,0.0027397260273972603,394.125,0.0,0.01,0.01,0.0,0.0,0.3,0.045,2574,269,0.7883
2026-06-10,call,520.0,1,0.0027397260273972603,394.125,0.0,0.01,0.01,0.0,0.0,0.3,0.045,676,36,0.7579
2026-06-10,call,525.0,1,0.0027397260273972603,394.125,0.0,0.56,0.01,0.0,0.0,0.3,0.045,544,48,0.7507
2026-06-10,call,530.0,1,0.0027397260273972603,394.125,0.0,0.22,0.01,0.0,0.0,0.3,0.045,967,21,0.7436
2026-06-10,call,600.0,1,0.0027397260273972603,394.125,0.0,0.2,0.03,0.0,0.0,0.3,0.045,2124,105,0.6569
2026-06-10,put,330.0,1,0.0027397260273972603,394.125,0.09,0.1,0.095,0.0,0.0,0.3,0.045,5992,2936,1.1943
2026-06-10,put,340.0,1,0.0027397260273972603,394.125,0.14,0.17,0.155,0.0,0.0,0.3,0.045,1008,2275,1.1592
2026-06-10,put,347.5,1,0.0027397260273972603,394.125,0.2,0.22,0.21,0.0,0.0,0.3,0.045,621,2093,1.1342
2026-06-10,put,350.0,1,0.0027397260273972603,394.125,0.23,0.24,0.235,0.0,0.0,0.3,0.045,814,2457,1.1261
2026-06-10,put,357.5,1,0.0027397260273972603,394.125,0.31,0.33,0.32,0.32,-0.0,1.0549,0.045,539,1555,1.1024
2026-06-10,put,360.0,1,0.0027397260273972603,394.125,0.36,0.38,0.37,0.0001,0.0,0.4437,0.045,751,5109,1.0948
2026-06-10,put,365.0,1,0.0027397260273972603,394.125,0.49,0.51,0.5,0.0,0.0,0.1301,0.045,642,4645,1.0798
2026-06-10,put,367.5,1,0.0027397260273972603,394.125,0.59,0.61,0.6,0.0,0.0,0.0001,0.045,544,4168,1.0724
2026-06-10,put,370.0,1,0.0027397260273972603,394.125,0.72,0.74,0.73,0.0,0.0,0.0001,0.045,1463,8705,1.0652
2026-06-10,put,375.0,1,0.0027397260273972603,394.125,1.14,1.16,1.15,0.0,0.0,0.0001,0.045,753,14354,1.051
2026-06-10,put,377.5,1,0.0027397260273972603,394.125,1.53,1.56,1.545,1.545,-0.0,0.8572,0.045,944,8276,1.044
2026-06-10,put,380.0,1,0.0027397260273972603,394.125,1.96,2.0,1.98,1.98,-0.0,0.8489,0.045,2495,29653,1.0372
2026-06-10,put,382.5,1,0.0027397260273972603,394.125,2.56,2.61,2.585,2.585,-0.0,0.8522,0.045,2223,15725,1.0304
2026-06-10,put,385.0,1,0.0027397260273972603,394.125,3.3,3.35,3.325,3.325,-0.0,0.8573,0.045,2469,36508,1.0237
2026-06-10,put,387.5,1,0.0027397260273972603,394.125,4.3,4.4,4.35,4.35,-0.0,0.8824,0.045,1237,23618,1.0171
2026-06-10,put,390.0,1,0.0027397260273972603,394.125,5.5,5.55,5.525,5.525,-0.0,0.9072,0.045,2852,55818,1.0106
2026-06-10,put,392.5,1,0.0027397260273972603,394.125,6.75,6.9,6.825,6.825,-0.0,0.9295,0.045,1466,29969,1.0041
2026-06-10,put,395.0,1,0.0027397260273972603,394.125,8.25,8.45,8.35,8.35,0.0,0.9626,0.045,1871,42212,0.9978
2026-06-10,put,397.5,1,0.0027397260273972603,394.125,10.0,10.15,10.075,10.075,-0.0,1.0052,0.045,1362,22025,0.9915
2026-06-10,put,400.0,1,0.0027397260273972603,394.125,11.95,12.15,12.05,12.05,0.0,1.0656,0.045,4845,65084,0.9853
2026-06-10,put,402.5,1,0.0027397260273972603,394.125,13.95,14.15,14.05,14.05,-0.0,1.1185,0.045,1164,25803,0.9792
2026-06-10,put,405.0,1,0.0027397260273972603,394.125,15.95,16.1,16.025,16.025,-0.0,1.1585,0.045,1284,52197,0.9731
2026-06-10,put,407.5,1,0.0027397260273972603,394.125,18.2,18.8,18.5,18.5,0.0,1.2577,0.045,1367,24031,0.9672
2026-06-10,put,410.0,1,0.0027397260273972603,394.125,20.45,21.0,20.725,20.725,-0.0,1.3176,0.045,2532,43043,0.9613
2026-06-10,put,412.5,1,0.0027397260273972603,394.125,22.7,23.2,22.95,18.3241,0.2524,0.0001,0.045,514,16815,0.9555
2026-06-10,put,415.0,1,0.0027397260273972603,394.125,25.1,25.9,25.5,20.8238,0.2246,0.0629,0.045,1404,19392,0.9497
2026-06-10,put,417.5,1,0.0027397260273972603,394.125,27.5,28.15,27.825,23.3235,0.193,0.1888,0.045,842,3830,0.944
2026-06-10,put,420.0,1,0.0027397260273972603,394.125,30.0,30.6,30.3,25.8235,0.1734,0.3328,0.045,1096,34785,0.9384
2026-06-10,put,422.5,1,0.0027397260273972603,394.125,32.4,33.25,32.825,28.332,0.1586,0.4814,0.045,502,2851,0.9328
2026-06-10,put,425.0,1,0.0027397260273972603,394.125,34.9,35.65,35.275,35.275,-0.0,1.7698,0.045,707,2764,0.9274
2026-06-10,put,430.0,1,0.0027397260273972603,394.125,39.5,40.25,39.875,39.875,-0.0,1.8571,0.045,980,4014,0.9166
2026-06-10,put,435.0,1,0.0027397260273972603,394.125,44.85,45.65,45.25,45.25,-0.0,2.0711,0.045,592,189,0.906
2026-06-12,call,80.0,2,0.00821917808219178,394.125,309.15,310.7,309.925,314.1546,-0.0135,0.0,0.045,631,1,4.9266
2026-06-12,call,380.0,2,0.00821917808219178,394.125,15.3,15.5,15.4,15.4,-0.0,0.4003,0.045,1468,2786,1.0372
2026-06-12,call,385.0,2,0.00821917808219178,394.125,12.05,12.2,12.125,12.125,0.0,0.4587,0.045,579,1696,1.0237
2026-06-12,call,390.0,2,0.00821917808219178,394.125,9.3,9.45,9.375,9.375,-0.0,0.4963,0.045,1275,8235,1.0106
2026-06-12,call,395.0,2,0.00821917808219178,394.125,7.05,7.15,7.1,7.1,-0.0,0.5228,0.045,1111,4104,0.9978
2026-06-12,call,397.5,2,0.00821917808219178,394.125,6.15,6.25,6.2,6.2,-0.0,0.5385,0.045,1536,2993,0.9915
2026-06-12,call,400.0,2,0.00821917808219178,394.125,5.35,5.4,5.375,5.375,-0.0,0.551,0.045,2677,14017,0.9853
2026-06-12,call,402.5,2,0.00821917808219178,394.125,4.5,4.55,4.525,4.525,0.0,0.5536,0.045,782,4921,0.9792
2026-06-12,call,405.0,2,0.00821917808219178,394.125,3.85,3.95,3.9,3.9,-0.0,0.5653,0.045,2024,16460,0.9731
2026-06-12,call,407.5,2,0.00821917808219178,394.125,3.3,3.4,3.35,3.35,-0.0,0.5761,0.045,5636,5446,0.9672
2026-06-12,call,410.0,2,0.00821917808219178,394.125,2.83,2.88,2.855,2.855,-0.0,0.5849,0.045,3091,13769,0.9613
2026-06-12,call,412.5,2,0.00821917808219178,394.125,2.41,2.45,2.43,2.43,0.0,0.5937,0.045,1981,6925,0.9555
2026-06-12,call,415.0,2,0.00821917808219178,394.125,2.07,2.1,2.085,2.085,-0.0,0.6044,0.045,4084,15034,0.9497
2026-06-12,call,417.5,2,0.00821917808219178,394.125,1.76,1.8,1.78,1.78,-0.0,0.6139,0.045,5720,3139,0.944
2026-06-12,call,420.0,2,0.00821917808219178,394.125,1.5,1.53,1.515,1.515,0.0,0.6227,0.045,9340,21043,0.9384
2026-06-12,call,422.5,2,0.00821917808219178,394.125,1.28,1.3,1.29,1.29,-0.0,0.6316,0.045,1942,3303,0.9328
2026-06-12,call,425.0,2,0.00821917808219178,394.125,1.1,1.11,1.105,1.105,-0.0,0.6415,0.045,9096,8917,0.9274
2026-06-12,call,427.5,2,0.00821917808219178,394.125,0.95,0.97,0.96,0.96,-0.0,0.6534,0.045,5294,1501,0.9219
2026-06-12,call,430.0,2,0.00821917808219178,394.125,0.8,0.82,0.81,0.81,0.0,0.6603,0.045,13458,13835,0.9166
2026-06-12,call,432.5,2,0.00821917808219178,394.125,0.7,0.72,0.71,0.0,0.0,0.0001,0.045,4986,1432,0.9113
2026-06-12,call,435.0,2,0.00821917808219178,394.125,0.6,0.62,0.61,0.0,0.0,0.0001,0.045,17924,5341,0.906
2026-06-12,call,437.5,2,0.00821917808219178,394.125,0.52,0.55,0.535,0.0,0.0,0.0001,0.045,2997,1060,0.9009
2026-06-12,call,440.0,2,0.00821917808219178,394.125,0.46,0.48,0.47,0.0,0.0,0.0001,0.045,9006,5357,0.8957
2026-06-12,call,442.5,2,0.00821917808219178,394.125,0.4,0.43,0.415,0.0,0.0,0.0001,0.045,1625,828,0.8907
2026-06-12,call,445.0,2,0.00821917808219178,394.125,0.36,0.39,0.375,0.0,0.0,0.0001,0.045,6098,2668,0.8857
2026-06-12,call,447.5,2,0.00821917808219178,394.125,0.32,0.35,0.335,0.0,0.0,0.0001,0.045,6821,947,0.8807
2026-06-12,call,450.0,2,0.00821917808219178,394.125,0.28,0.29,0.285,0.0,0.0,0.0001,0.045,14385,9345,0.8758
2026-06-12,call,452.5,2,0.00821917808219178,394.125,0.25,0.27,0.26,0.0,0.0,0.0001,0.045,1189,574,0.871
2026-06-12,call,455.0,2,0.00821917808219178,394.125,0.22,0.24,0.23,0.0,0.0,0.0001,0.045,2614,1430,0.8662
2026-06-12,call,457.5,2,0.00821917808219178,394.125,0.21,0.23,0.22,0.0,0.0,0.0001,0.045,759,355,0.8615
2026-06-12,call,460.0,2,0.00821917808219178,394.125,0.17,0.2,0.185,0.0,0.0,0.0001,0.045,6502,1754,0.8568
2026-06-12,call,462.5,2,0.00821917808219178,394.125,0.16,0.18,0.17,0.0,0.0,0.0001,0.045,810,253,0.8522
2026-06-12,call,465.0,2,0.00821917808219178,394.125,0.15,0.17,0.16,0.0,0.0,0.0001,0.045,3167,511,0.8476
2026-06-12,call,470.0,2,0.00821917808219178,394.125,0.12,0.15,0.135,0.0,0.0,0.0001,0.045,3377,2262,0.8386
2026-06-12,call,475.0,2,0.00821917808219178,394.125,0.1,0.14,0.12,0.0,0.0,0.0001,0.045,3231,2233,0.8297
2026-06-12,call,480.0,2,0.00821917808219178,394.125,0.08,0.12,0.1,0.0,0.0,0.3,0.045,11825,2212,0.8211
2026-06-12,call,485.0,2,0.00821917808219178,394.125,0.06,0.11,0.085,0.0,0.0,0.3,0.045,1403,581,0.8126
2026-06-12,call,490.0,2,0.00821917808219178,394.125,0.06,0.07,0.065,0.0,0.0,0.3,0.045,1664,771,0.8043
2026-06-12,call,495.0,2,0.00821917808219178,394.125,0.05,0.07,0.06,0.0,0.0,0.3,0.045,1837,78,0.7962
2026-06-12,call,500.0,2,0.00821917808219178,394.125,0.05,0.06,0.055,0.0,0.0,0.3,0.045,16341,3235,0.7883
2026-06-12,call,502.5,2,0.00821917808219178,394.125,0.04,0.09,0.065,0.0,0.0,0.3,0.045,961,208,0.7843
2026-06-12,call,505.0,2,0.00821917808219178,394.125,0.03,0.08,0.055,0.0,0.0,0.3,0.045,1723,372,0.7804
2026-06-12,call,507.5,2,0.00821917808219178,394.125,0.03,0.08,0.055,0.0,0.0,0.3,0.045,540,488,0.7766
2026-06-12,call,510.0,2,0.00821917808219178,394.125,0.03,0.08,0.055,0.0,0.0,0.3,0.045,1875,34,0.7728
2026-06-12,call,512.5,2,0.00821917808219178,394.125,0.03,0.08,0.055,0.0,0.0,0.3,0.045,623,302,0.769
2026-06-12,call,520.0,2,0.00821917808219178,394.125,0.02,0.06,0.04,0.0,0.0,0.3,0.045,2153,217,0.7579
2026-06-12,call,522.5,2,0.00821917808219178,394.125,0.02,0.09,0.055,0.0,0.0,0.3,0.045,2500,8,0.7543
2026-06-12,call,525.0,2,0.00821917808219178,394.125,0.02,0.08,0.05,0.0,0.0,0.3,0.045,984,48,0.7507
2026-06-12,call,530.0,2,0.00821917808219178,394.125,0.05,0.11,0.08,0.0,0.0,0.3,0.045,579,1067,0.7436
2026-06-12,call,540.0,2,0.00821917808219178,394.125,0.03,0.05,0.04,0.0,0.0,0.3,0.045,859,237,0.7299
2026-06-12,call,550.0,2,0.00821917808219178,394.125,0.02,0.08,0.05,0.0,0.0,0.3,0.045,3613,68,0.7166
2026-06-12,call,575.0,2,0.00821917808219178,394.125,0.02,0.15,0.085,0.0,0.0,0.3,0.045,583,35,0.6854
2026-06-12,call,580.0,2,0.00821917808219178,394.125,0.02,0.13,0.075,0.0,0.0,0.3,0.045,620,44,0.6795
2026-06-12,call,595.0,2,0.00821917808219178,394.125,0.02,0.15,0.085,0.0,0.0,0.3,0.045,1604,8,0.6624
2026-06-12,call,600.0,2,0.00821917808219178,394.125,0.02,0.04,0.03,0.0,0.0,0.3,0.045,4559,580,0.6569
2026-06-12,call,605.0,2,0.00821917808219178,394.125,0.02,0.14,0.08,0.0,0.0,0.3,0.045,1246,2,0.6514
2026-06-12,call,620.0,2,0.00821917808219178,394.125,0.02,0.14,0.08,0.0,0.0,0.3,0.045,606,26,0.6357
2026-06-12,call,630.0,2,0.00821917808219178,394.125,0.02,0.05,0.035,0.0,0.0,0.3,0.045,1597,22,0.6256
2026-06-12,call,650.0,2,0.00821917808219178,394.125,0.02,0.04,0.03,0.0,0.0,0.3,0.045,1297,94,0.6063
2026-06-12,call,670.0,2,0.00821917808219178,394.125,0.02,0.03,0.025,0.0,0.0,0.3,0.045,512,22,0.5882
2026-06-12,call,700.0,2,0.00821917808219178,394.125,0.01,0.03,0.02,0.0,0.0,0.3,0.045,1996,55,0.563
2026-06-12,call,710.0,2,0.00821917808219178,394.125,0.01,0.06,0.035,0.0,0.0,0.3,0.045,1492,29,0.5551
2026-06-12,call,750.0,2,0.00821917808219178,394.125,0.01,0.02,0.015,0.0,0.0,0.3,0.045,5909,269,0.5255
2026-06-12,call,800.0,2,0.00821917808219178,394.125,0.01,0.02,0.015,0.0,0.0,0.3,0.045,1190,142,0.4927
2026-06-12,call,840.0,2,0.00821917808219178,394.125,0.0,0.38,0.04,0.0,0.0,0.3,0.045,569,63,0.4692
2026-06-12,call,890.0,2,0.00821917808219178,394.125,0.0,0.02,0.02,0.0,0.0,0.3,0.045,1035,1,0.4428
2026-06-12,call,900.0,2,0.00821917808219178,394.125,0.0,0.01,0.01,0.0,0.0,0.3,0.045,57429,6668,0.4379
2026-06-12,put,140.0,2,0.00821917808219178,394.125,0.0,0.01,0.01,0.0,0.0,0.3,0.045,7102,7013,2.8152
2026-06-12,put,150.0,2,0.00821917808219178,394.125,0.0,0.01,0.01,0.0,0.0,0.3,0.045,29588,29569,2.6275
2026-06-12,put,160.0,2,0.00821917808219178,394.125,0.0,0.01,0.01,0.0,0.0,0.3,0.045,2216,5,2.4633
2026-06-12,put,170.0,2,0.00821917808219178,394.125,0.0,0.01,0.01,0.0,0.0,0.3,0.045,554,4,2.3184
2026-06-12,put,200.0,2,0.00821917808219178,394.125,0.01,0.14,0.075,0.0,0.0,0.3,0.045,1556,224,1.9706
2026-06-12,put,210.0,2,0.00821917808219178,394.125,0.01,0.05,0.03,0.0,0.0,0.3,0.045,5606,8,1.8768
2026-06-12,put,220.0,2,0.00821917808219178,394.125,0.01,0.03,0.02,0.0,0.0,0.3,0.045,640,24,1.7915
2026-06-12,put,230.0,2,0.00821917808219178,394.125,0.01,0.13,0.07,0.0,0.0,0.3,0.045,1773,629,1.7136
2026-06-12,put,240.0,2,0.00821917808219178,394.125,0.01,0.27,0.14,0.0,0.0,0.3,0.045,26041,37,1.6422
2026-06-12,put,250.0,2,0.00821917808219178,394.125,0.03,0.13,0.08,0.0,0.0,0.3,0.045,19449,40,1.5765
2026-06-12,put,255.0,2,0.00821917808219178,394.125,0.03,0.12,0.075,0.0,0.0,0.3,0.045,747,20,1.5456
2026-06-12,put,260.0,2,0.00821917808219178,394.125,0.05,0.14,0.095,0.0,0.0,0.3,0.045,5019,158,1.5159
2026-06-12,put,265.0,2,0.00821917808219178,394.125,0.05,0.07,0.06,0.0,0.0,0.3,0.045,2186,224,1.4873
2026-06-12,put,270.0,2,0.00821917808219178,394.125,0.06,0.08,0.07,0.0,0.0,0.3,0.045,852,214,1.4597
2026-06-12,put,275.0,2,0.00821917808219178,394.125,0.06,0.08,0.07,0.0,0.0,0.3,0.045,3138,115,1.4332
2026-06-12,put,280.0,2,0.00821917808219178,394.125,0.08,0.1,0.09,0.0,0.0,0.3,0.045,605,512,1.4076
2026-06-12,put,285.0,2,0.00821917808219178,394.125,0.09,0.11,0.1,0.0,0.0,0.3,0.045,1017,1120,1.3829
2026-06-12,put,290.0,2,0.00821917808219178,394.125,0.1,0.13,0.115,0.0,0.0,0.3,0.045,977,310,1.3591
2026-06-12,put,295.0,2,0.00821917808219178,394.125,0.12,0.15,0.135,0.0,0.0,0.3,0.045,3249,215,1.336
2026-06-12,put,300.0,2,0.00821917808219178,394.125,0.15,0.17,0.16,0.0,0.0,0.3,0.045,7591,348,1.3137
2026-06-12,put,305.0,2,0.00821917808219178,394.125,0.17,0.19,0.18,0.0,0.0,0.3,0.045,1294,110,1.2922
2026-06-12,put,310.0,2,0.00821917808219178,394.125,0.2,0.22,0.21,0.0,0.0,0.3,0.045,1499,289,1.2714
2026-06-12,put,315.0,2,0.00821917808219178,394.125,0.23,0.25,0.24,0.0,0.0,0.3,0.045,869,156,1.2512
2026-06-12,put,320.0,2,0.00821917808219178,394.125,0.28,0.29,0.285,0.0,0.0,0.3,0.045,1052,240,1.2316
2026-06-12,put,325.0,2,0.00821917808219178,394.125,0.33,0.34,0.335,0.0,0.0,0.0001,0.045,1226,370,1.2127
2026-06-12,put,330.0,2,0.00821917808219178,394.125,0.37,0.39,0.38,0.0,0.0,0.0001,0.045,12000,4348,1.1943
2026-06-12,put,335.0,2,0.00821917808219178,394.125,0.45,0.46,0.455,0.0,0.0,0.0001,0.045,982,799,1.1765
2026-06-12,put,337.5,2,0.00821917808219178,394.125,0.5,0.52,0.51,0.0,0.0,0.0001,0.045,1538,40,1.1678
2026-06-12,put,340.0,2,0.00821917808219178,394.125,0.55,0.57,0.56,0.0,0.0,0.0001,0.045,1782,1123,1.1592
2026-06-12,put,345.0,2,0.00821917808219178,394.125,0.69,0.71,0.7,0.0,0.0,0.0001,0.045,1359,898,1.1424
2026-06-12,put,347.5,2,0.00821917808219178,394.125,0.76,0.79,0.775,0.0,0.0,0.0001,0.045,613,118,1.1342
2026-06-12,put,350.0,2,0.00821917808219178,394.125,0.86,0.89,0.875,0.0,0.0,0.0001,0.045,2272,2727,1.1261
2026-06-12,put,355.0,2,0.00821917808219178,394.125,1.13,1.16,1.145,0.0,0.0,0.0001,0.045,2126,1946,1.1102
2026-06-12,put,360.0,2,0.00821917808219178,394.125,1.51,1.54,1.525,0.0,0.0,0.0001,0.045,3708,2026,1.0948
2026-06-12,put,362.5,2,0.00821917808219178,394.125,1.71,1.75,1.73,0.0,0.0,0.0001,0.045,535,1222,1.0872
2026-06-12,put,365.0,2,0.00821917808219178,394.125,2.01,2.06,2.035,2.035,-0.0,0.8011,0.045,1684,2036,1.0798
2026-06-12,put,367.5,2,0.00821917808219178,394.125,2.32,2.37,2.345,2.345,0.0,0.7895,0.045,1069,2275,1.0724
2026-06-12,put,370.0,2,0.00821917808219178,394.125,2.75,2.79,2.77,2.77,-0.0,0.7856,0.045,7105,4971,1.0652
2026-06-12,put,372.5,2,0.00821917808219178,394.125,3.15,3.25,3.2,3.2,-0.0,0.7763,0.045,1361,4492,1.0581
2026-06-12,put,375.0,2,0.00821917808219178,394.125,3.65,3.75,3.7,3.7,-0.0,0.7683,0.045,2307,5326,1.051
2026-06-12,put,377.5,2,0.00821917808219178,394.125,4.3,4.4,4.35,4.35,-0.0,0.7679,0.045,854,1093,1.044
2026-06-12,put,380.0,2,0.00821917808219178,394.125,5.1,5.2,5.15,5.15,-0.0,0.7733,0.045,5765,8005,1.0372
2026-06-12,put,382.5,2,0.00821917808219178,394.125,5.95,6.05,6.0,6.0,-0.0,0.7755,0.045,791,2386,1.0304
2026-06-12,put,385.0,2,0.00821917808219178,394.125,6.85,7.0,6.925,6.925,0.0,0.7768,0.045,2573,6652,1.0237
2026-06-12,put,387.5,2,0.00821917808219178,394.125,7.95,8.05,8.0,8.0,-0.0,0.7825,0.045,810,2808,1.0171
2026-06-12,put,390.0,2,0.00821917808219178,394.125,9.15,9.25,9.2,9.2,-0.0,0.7905,0.045,4125,14440,1.0106
2026-06-12,put,392.5,2,0.00821917808219178,394.125,10.5,10.65,10.575,10.575,0.0,0.8044,0.045,916,1957,1.0041
2026-06-12,put,395.0,2,0.00821917808219178,394.125,11.9,12.05,11.975,11.975,0.0,0.8137,0.045,2386,8735,0.9978
2026-06-12,put,397.5,2,0.00821917808219178,394.125,13.45,13.6,13.525,13.525,-0.0,0.8275,0.045,1251,2871,0.9915
2026-06-12,put,400.0,2,0.00821917808219178,394.125,15.05,15.25,15.15,15.15,-0.0,0.8409,0.045,7438,23632,0.9853
2026-06-12,put,402.5,2,0.00821917808219178,394.125,16.8,16.95,16.875,16.875,0.0,0.8561,0.045,1026,2083,0.9792
2026-06-12,put,405.0,2,0.00821917808219178,394.125,18.55,18.8,18.675,18.675,-0.0,0.8718,0.045,2850,5543,0.9731
2026-06-12,put,407.5,2,0.00821917808219178,394.125,20.6,20.8,20.7,20.7,-0.0,0.8996,0.045,1086,3159,0.9672
2026-06-12,put,410.0,2,0.00821917808219178,394.125,22.45,22.7,22.575,22.575,-0.0,0.9121,0.045,3485,15477,0.9613
2026-06-12,put,412.5,2,0.00821917808219178,394.125,24.5,24.8,24.65,24.65,0.0,0.9362,0.045,812,2812,0.9555
2026-06-12,put,415.0,2,0.00821917808219178,394.125,26.7,27.05,26.875,26.875,0.0,0.969,0.045,1501,14760,0.9497
2026-06-12,put,417.5,2,0.00821917808219178,394.125,28.8,29.25,29.025,29.025,-0.0,0.9931,0.045,1194,3100,0.944
2026-06-12,put,420.0,2,0.00821917808219178,394.125,31.05,31.65,31.35,31.35,-0.0,1.0293,0.045,2313,22861,0.9384
2026-06-12,put,422.5,2,0.00821917808219178,394.125,32.9,33.6,33.25,33.25,-0.0,1.026,0.045,650,369,0.9328
2026-06-12,put,425.0,2,0.00821917808219178,394.125,35.65,36.25,35.95,30.7178,0.1703,0.0001,0.045,2652,3913,0.9274
2026-06-12,put,430.0,2,0.00821917808219178,394.125,40.3,41.15,40.725,35.716,0.1402,0.0001,0.045,2023,3911,0.9166
2026-06-12,put,435.0,2,0.00821917808219178,394.125,45.15,45.85,45.5,40.7141,0.1175,0.0001,0.045,1051,524,0.906
2026-06-12,put,440.0,2,0.00821917808219178,394.125,50.05,50.7,50.375,45.7123,0.102,0.0001,0.045,1945,596,0.8957
2026-06-12,put,445.0,2,0.00821917808219178,394.125,54.7,55.5,55.1,50.7104,0.0866,0.0001,0.045,1111,320,0.8857
2026-06-12,put,450.0,2,0.00821917808219178,394.125,59.85,60.4,60.125,55.7086,0.0793,0.0001,0.045,1685,2233,0.8758
2026-06-12,put,460.0,2,0.00821917808219178,394.125,69.7,70.45,70.075,65.7049,0.0665,0.0001,0.045,723,24,0.8568
2026-06-12,put,480.0,2,0.00821917808219178,394.125,89.7,90.45,90.075,85.6975,0.0511,0.3,0.045,770,1,0.8211
2026-06-15,call,410.0,5,0.01643835616438356,394.125,4.3,4.45,4.375,4.375,-0.0,0.5037,0.045,778,1616,0.9613
2026-06-15,call,420.0,5,0.01643835616438356,394.125,2.63,2.7,2.665,2.665,-0.0,0.5311,0.045,1200,2545,0.9384
2026-06-15,call,425.0,5,0.01643835616438356,394.125,2.06,2.1,2.08,2.08,-0.0,0.5446,0.045,609,526,0.9274
2026-06-15,call,430.0,5,0.01643835616438356,394.125,1.61,1.66,1.635,1.635,-0.0,0.5589,0.045,692,882,0.9166
2026-06-15,call,437.5,5,0.01643835616438356,394.125,1.13,1.23,1.18,1.18,-0.0,0.5842,0.045,591,290,0.9009
2026-06-15,call,440.0,5,0.01643835616438356,394.125,1.03,1.07,1.05,1.05,-0.0,0.591,0.045,813,1437,0.8957
2026-06-15,call,442.5,5,0.01643835616438356,394.125,0.95,0.97,0.96,0.96,0.0,0.6013,0.045,1348,255,0.8907
2026-06-15,call,450.0,5,0.01643835616438356,394.125,0.69,0.72,0.705,0.0,0.0,0.0001,0.045,1619,2261,0.8758
2026-06-15,call,455.0,5,0.01643835616438356,394.125,0.58,0.64,0.61,0.0,0.0,0.0001,0.045,620,377,0.8662
2026-06-15,call,480.0,5,0.01643835616438356,394.125,0.25,0.3,0.275,0.0,0.0,0.0001,0.045,521,200,0.8211
2026-06-15,call,490.0,5,0.01643835616438356,394.125,0.18,0.21,0.195,0.0,0.0,0.0001,0.045,537,152,0.8043
2026-06-15,call,500.0,5,0.01643835616438356,394.125,0.14,0.15,0.145,0.0,0.0,0.0001,0.045,623,191,0.7883
2026-06-15,put,350.0,5,0.01643835616438356,394.125,1.37,1.41,1.39,0.0,0.0,0.0001,0.045,976,2762,1.1261
2026-06-15,put,365.0,5,0.01643835616438356,394.125,3.15,3.3,3.225,3.225,-0.0,0.6676,0.045,1531,287,1.0798
2026-06-15,put,370.0,5,0.01643835616438356,394.125,4.05,4.15,4.1,4.1,-0.0,0.6534,0.045,1969,797,1.0652
2026-06-15,put,375.0,5,0.01643835616438356,394.125,5.35,5.55,5.45,5.45,-0.0,0.6562,0.045,842,553,1.051
2026-06-15,put,380.0,5,0.01643835616438356,394.125,6.9,7.2,7.05,7.05,-0.0,0.6573,0.045,517,1245,1.0372
2026-06-15,put,390.0,5,0.01643835616438356,394.125,11.05,11.4,11.225,11.225,-0.0,0.6644,0.045,567,1795,1.0106
2026-06-15,put,400.0,5,0.01643835616438356,394.125,16.6,17.15,16.875,16.875,-0.0,0.6853,0.045,841,2201,0.9853
2026-06-15,put,415.0,5,0.01643835616438356,394.125,27.6,28.3,27.95,27.95,-0.0,0.7522,0.045,638,1208,0.9497
2026-06-15,put,425.0,5,0.01643835616438356,394.125,36.4,37.3,36.85,36.85,-0.0,0.8357,0.045,598,25,0.9274
2026-06-15,put,440.0,5,0.01643835616438356,394.125,49.95,51.5,50.725,45.5496,0.1136,0.0001,0.045,509,1,0.8957
2026-06-15,put,445.0,5,0.01643835616438356,394.125,54.55,56.05,55.3,50.5459,0.0941,0.0001,0.045,512,14,0.8857
2026-06-17,call,420.0,8,0.021917808219178082,394.125,3.8,3.9,3.85,3.85,-0.0,0.5301,0.045,729,674,0.9384
2026-06-17,call,430.0,8,0.021917808219178082,394.125,2.35,2.54,2.445,2.445,-0.0,0.5463,0.045,625,383,0.9166
2026-06-17,call,450.0,8,0.021917808219178082,394.125,1.09,1.14,1.115,1.115,0.0,0.5967,0.045,964,557,0.8758
2026-06-17,call,455.0,8,0.021917808219178082,394.125,0.87,0.99,0.93,0.93,0.0,0.6098,0.045,612,86,0.8662
2026-06-17,put,395.0,8,0.021917808219178082,394.125,15.1,15.7,15.4,15.4,0.0,0.6509,0.045,1395,1238,0.9978
2026-06-17,put,440.0,8,0.021917808219178082,394.125,50.55,51.9,51.225,51.225,-0.0,0.8621,0.045,503,2,0.8957
2026-06-17,put,445.0,8,0.021917808219178082,394.125,55.25,56.75,56.0,50.4363,0.1103,0.0001,0.045,502,1,0.8857
